"SCENARIO","RUNTIME","NORM_RUNTIME","UGA_MEM","PGA_MEM","MLE_MEM","JAVA_MEM","MEM_TOT"
"plsql",0.443434,16.9,660264,2431328,0,0,3091592
"java",26.717589,1019.1,725768,20978016,0,1431552,23135336
"djs",278.175002,10610.5,1301000,17852768,31839320,0,50993088
"djs2",17.836292,680.3,1497392,18245984,86141720,0,105885096
"js",1.294508,49.4,1301000,17852768,140946200,0,160099968
"jsloop",0.026217,1,1301000,17852768,41242760,0,60396528
