"SCENARIO","RUNTIME","NORM_RUNTIME","UGA_MEM","PGA_MEM","MLE_MEM","JAVA_MEM","MEM_TOT"
"plsql",0.424652,1,850600,2438296,0,0,3288896
"java",27.145772,63.9,859032,18101400,0,1447936,20408368
"djs",310.602579,731.4,924512,24892568,108450600,0,134267680
"js",1.392321,3.3,924512,24761496,69316952,0,95002960
