"SCENARIO","RUNTIME","NORM_RUNTIME","UGA_MEM","PGA_MEM","MLE_MEM","JAVA_MEM","MEM_TOT"
"plsql",0.002666,1,660264,2300256,0,0,2960520
"java",0.51746,194.1,791248,15931744,0,991232,17714224
"djs",0.069501,26.1,1431960,18377056,29970316,0,49779332
"js",0.068307,25.6,1431960,18377056,29052812,0,48861828
