"SCENARIO","RUNTIME","NORM_RUNTIME","UGA_MEM","PGA_MEM","MLE_MEM","JAVA_MEM","MEM_TOT"
"plsql",0.002708,1,660264,2300256,0,0,2960520
"java",0.336078,124.1,791248,15997280,0,991232,17779760
"djs",0.052097,19.2,1431960,18377056,29970316,0,49779332
"js",0.044167,16.3,1431960,18377056,29052812,0,48861828
