"SCENARIO","RUNTIME","NORM_RUNTIME","UGA_MEM","PGA_MEM","MLE_MEM","JAVA_MEM","MEM_TOT"
"plsql",0.023147,1,2979088,6960280,0,0,9939368
"java",10.082671,435.6,3628784,29045912,0,1261568,33936264
"djs",0.12504,5.4,2979088,27841688,58608748,0,89429524
"js",0.141462,6.1,3108872,27907224,57429100,0,88445196
