"SCENARIO","RUNTIME","NORM_RUNTIME","UGA_MEM","PGA_MEM","MLE_MEM","JAVA_MEM","MEM_TOT"
"plsql",0.019346,1,2799472,6691168,0,0,9490640
"java",10.375271,536.3,3280408,28514656,0,1699840,33494904
"djs",0.273792,14.2,2799472,20212064,29970316,0,52981852
"js",0.240821,12.4,2864952,20277600,29052812,0,52195364
