"SCENARIO","RUNTIME","NORM_RUNTIME","UGA_MEM","PGA_MEM","MLE_MEM","JAVA_MEM","MEM_TOT"
"plsql",3.412985,1,859032,2503832,0,0,3362864
"dplsql",3.707346,1.1,859032,2503832,0,0,3362864
"js",30.340044,8.9,1055472,24892568,139342360,0,165290400
"jsloop",26.275486,7.7,1186432,24958104,78918168,0,105062704
