"SCENARIO","RUNTIME","NORM_RUNTIME","UGA_MEM","PGA_MEM","MLE_MEM","JAVA_MEM","MEM_TOT"
"plsql",3.652872,1,725744,2431328,0,0,3157072
"dplsql",4.297638,1.2,725744,2431328,0,0,3157072
"js",25.835928,7.1,2348560,42428768,128406209,0,173183537
"jsloop",17.809692,4.9,2212472,42559840,72176321,0,116948633
